USE [master]
GO
/****** Object:  Database [Практика3Воронин]    Script Date: 16.05.2023 12:25:02 ******/
CREATE DATABASE [Практика3Воронин]
 CONTAINMENT = NONE
 ON  PRIMARY 
( NAME = N'Практика3Воронин', FILENAME = N'D:\Практика3Воронин.mdf' , SIZE = 8192KB , MAXSIZE = UNLIMITED, FILEGROWTH = 1024KB )
 LOG ON 
( NAME = N'Практика3Воронин_log', FILENAME = N'D:\Практика3Воронин_log.ldf' , SIZE = 1280KB , MAXSIZE = 2048KB , FILEGROWTH = 10%)
GO
ALTER DATABASE [Практика3Воронин] SET COMPATIBILITY_LEVEL = 140
GO
IF (1 = FULLTEXTSERVICEPROPERTY('IsFullTextInstalled'))
begin
EXEC [Практика3Воронин].[dbo].[sp_fulltext_database] @action = 'enable'
end
GO
ALTER DATABASE [Практика3Воронин] SET ANSI_NULL_DEFAULT OFF 
GO
ALTER DATABASE [Практика3Воронин] SET ANSI_NULLS OFF 
GO
ALTER DATABASE [Практика3Воронин] SET ANSI_PADDING OFF 
GO
ALTER DATABASE [Практика3Воронин] SET ANSI_WARNINGS OFF 
GO
ALTER DATABASE [Практика3Воронин] SET ARITHABORT OFF 
GO
ALTER DATABASE [Практика3Воронин] SET AUTO_CLOSE ON 
GO
ALTER DATABASE [Практика3Воронин] SET AUTO_SHRINK OFF 
GO
ALTER DATABASE [Практика3Воронин] SET AUTO_UPDATE_STATISTICS ON 
GO
ALTER DATABASE [Практика3Воронин] SET CURSOR_CLOSE_ON_COMMIT OFF 
GO
ALTER DATABASE [Практика3Воронин] SET CURSOR_DEFAULT  GLOBAL 
GO
ALTER DATABASE [Практика3Воронин] SET CONCAT_NULL_YIELDS_NULL OFF 
GO
ALTER DATABASE [Практика3Воронин] SET NUMERIC_ROUNDABORT OFF 
GO
ALTER DATABASE [Практика3Воронин] SET QUOTED_IDENTIFIER OFF 
GO
ALTER DATABASE [Практика3Воронин] SET RECURSIVE_TRIGGERS OFF 
GO
ALTER DATABASE [Практика3Воронин] SET  ENABLE_BROKER 
GO
ALTER DATABASE [Практика3Воронин] SET AUTO_UPDATE_STATISTICS_ASYNC OFF 
GO
ALTER DATABASE [Практика3Воронин] SET DATE_CORRELATION_OPTIMIZATION OFF 
GO
ALTER DATABASE [Практика3Воронин] SET TRUSTWORTHY OFF 
GO
ALTER DATABASE [Практика3Воронин] SET ALLOW_SNAPSHOT_ISOLATION OFF 
GO
ALTER DATABASE [Практика3Воронин] SET PARAMETERIZATION SIMPLE 
GO
ALTER DATABASE [Практика3Воронин] SET READ_COMMITTED_SNAPSHOT OFF 
GO
ALTER DATABASE [Практика3Воронин] SET HONOR_BROKER_PRIORITY OFF 
GO
ALTER DATABASE [Практика3Воронин] SET RECOVERY SIMPLE 
GO
ALTER DATABASE [Практика3Воронин] SET  MULTI_USER 
GO
ALTER DATABASE [Практика3Воронин] SET PAGE_VERIFY CHECKSUM  
GO
ALTER DATABASE [Практика3Воронин] SET DB_CHAINING OFF 
GO
ALTER DATABASE [Практика3Воронин] SET FILESTREAM( NON_TRANSACTED_ACCESS = OFF ) 
GO
ALTER DATABASE [Практика3Воронин] SET TARGET_RECOVERY_TIME = 60 SECONDS 
GO
ALTER DATABASE [Практика3Воронин] SET DELAYED_DURABILITY = DISABLED 
GO
ALTER DATABASE [Практика3Воронин] SET QUERY_STORE = OFF
GO
USE [Практика3Воронин]
GO
/****** Object:  Table [dbo].[Заказы]    Script Date: 16.05.2023 12:25:02 ******/
SET ANSI_NULLS ON
GO
SET QUOTED_IDENTIFIER ON
GO
CREATE TABLE [dbo].[Заказы](
	[Код_заказа] [float] NULL,
	[Дата_создания] [datetime] NULL,
	[Время_создания] [datetime] NULL,
	[Код_клиента] [float] NULL,
	[Статус] [nvarchar](255) NULL,
	[Дата_закрытия] [datetime] NULL,
	[Время_проката] [nvarchar](255) NULL
) ON [PRIMARY]
GO
/****** Object:  Table [dbo].[Клиенты]    Script Date: 16.05.2023 12:25:02 ******/
SET ANSI_NULLS ON
GO
SET QUOTED_IDENTIFIER ON
GO
CREATE TABLE [dbo].[Клиенты](
	[ФИО] [nvarchar](255) NULL,
	[Код клиента] [float] NULL,
	[Паспортные данные] [nvarchar](255) NULL,
	[Дата рождения] [datetime] NULL,
	[Адрес] [nvarchar](255) NULL,
	[e-mail] [nvarchar](255) NULL,
	[password] [nvarchar](255) NULL
) ON [PRIMARY]
GO
/****** Object:  Table [dbo].[Роли]    Script Date: 16.05.2023 12:25:02 ******/
SET ANSI_NULLS ON
GO
SET QUOTED_IDENTIFIER ON
GO
CREATE TABLE [dbo].[Роли](
	[Код_роли] [int] NOT NULL,
	[Наименнование_роли] [nvarchar](20) NOT NULL,
	[Код_сотрудника] [int] NOT NULL,
PRIMARY KEY CLUSTERED 
(
	[Код_роли] ASC
)WITH (PAD_INDEX = OFF, STATISTICS_NORECOMPUTE = OFF, IGNORE_DUP_KEY = OFF, ALLOW_ROW_LOCKS = ON, ALLOW_PAGE_LOCKS = ON) ON [PRIMARY]
) ON [PRIMARY]
GO
/****** Object:  Table [dbo].[Сотрудники]    Script Date: 16.05.2023 12:25:02 ******/
SET ANSI_NULLS ON
GO
SET QUOTED_IDENTIFIER ON
GO
CREATE TABLE [dbo].[Сотрудники](
	[Код сотрудника] [nvarchar](50) NOT NULL,
	[Должность] [nvarchar](255) NULL,
	[ФИО ] [nvarchar](255) NULL,
	[Логин ] [nvarchar](255) NULL,
	[Пароль] [nvarchar](255) NULL,
	[Последний вход] [nvarchar](255) NULL,
	[Тип входа] [nvarchar](255) NULL,
	[Код роли] [int] NULL,
 CONSTRAINT [PK_Сотрудники] PRIMARY KEY CLUSTERED 
(
	[Код сотрудника] ASC
)WITH (PAD_INDEX = OFF, STATISTICS_NORECOMPUTE = OFF, IGNORE_DUP_KEY = OFF, ALLOW_ROW_LOCKS = ON, ALLOW_PAGE_LOCKS = ON) ON [PRIMARY]
) ON [PRIMARY]
GO
/****** Object:  Table [dbo].[Услуги]    Script Date: 16.05.2023 12:25:02 ******/
SET ANSI_NULLS ON
GO
SET QUOTED_IDENTIFIER ON
GO
CREATE TABLE [dbo].[Услуги](
	[ID] [float] NULL,
	[Наименование услуги] [nvarchar](255) NULL,
	[Код услуги] [nvarchar](255) NULL,
	[Стоимость, руб#  за час ] [float] NULL
) ON [PRIMARY]
GO
/****** Object:  Table [dbo].[Чек]    Script Date: 16.05.2023 12:25:02 ******/
SET ANSI_NULLS ON
GO
SET QUOTED_IDENTIFIER ON
GO
CREATE TABLE [dbo].[Чек](
	[Код_чека] [int] NULL,
	[Код_заказа] [int] NULL,
	[Код_Услуги] [int] NULL
) ON [PRIMARY]
GO
INSERT [dbo].[Заказы] ([Код_заказа], [Дата_создания], [Время_создания], [Код_клиента], [Статус], [Дата_закрытия], [Время_проката]) VALUES (1, CAST(N'2022-03-12T00:00:00.000' AS DateTime), CAST(N'1899-12-30T09:10:00.000' AS DateTime), 45462526, N'Новая', NULL, N'120 минут')
INSERT [dbo].[Заказы] ([Код_заказа], [Дата_создания], [Время_создания], [Код_клиента], [Статус], [Дата_закрытия], [Время_проката]) VALUES (2, CAST(N'2022-03-13T00:00:00.000' AS DateTime), CAST(N'1899-12-30T10:10:00.000' AS DateTime), 45462527, N'В прокате', NULL, N'600 минут')
INSERT [dbo].[Заказы] ([Код_заказа], [Дата_создания], [Время_создания], [Код_клиента], [Статус], [Дата_закрытия], [Время_проката]) VALUES (3, CAST(N'2022-03-14T00:00:00.000' AS DateTime), CAST(N'1899-12-30T11:10:00.000' AS DateTime), 45462528, N'В прокате', NULL, N'2 часа')
INSERT [dbo].[Заказы] ([Код_заказа], [Дата_создания], [Время_создания], [Код_клиента], [Статус], [Дата_закрытия], [Время_проката]) VALUES (4, CAST(N'2022-03-15T00:00:00.000' AS DateTime), CAST(N'1899-12-30T12:10:00.000' AS DateTime), 45462529, N'Новая', NULL, N'10 часов')
INSERT [dbo].[Заказы] ([Код_заказа], [Дата_создания], [Время_создания], [Код_клиента], [Статус], [Дата_закрытия], [Время_проката]) VALUES (5, CAST(N'2022-03-16T00:00:00.000' AS DateTime), CAST(N'1899-12-30T13:10:00.000' AS DateTime), 45462530, N'Закрыта', CAST(N'2022-04-16T00:00:00.000' AS DateTime), N'320 минут')
INSERT [dbo].[Заказы] ([Код_заказа], [Дата_создания], [Время_создания], [Код_клиента], [Статус], [Дата_закрытия], [Время_проката]) VALUES (6, CAST(N'2022-03-17T00:00:00.000' AS DateTime), CAST(N'1899-12-30T14:10:00.000' AS DateTime), 45462531, N'Новая', NULL, N'480 минут')
INSERT [dbo].[Заказы] ([Код_заказа], [Дата_создания], [Время_создания], [Код_клиента], [Статус], [Дата_закрытия], [Время_проката]) VALUES (7, CAST(N'2022-03-18T00:00:00.000' AS DateTime), CAST(N'1899-12-30T15:10:00.000' AS DateTime), 45462532, N'Новая', NULL, N'4 часа')
INSERT [dbo].[Заказы] ([Код_заказа], [Дата_создания], [Время_создания], [Код_клиента], [Статус], [Дата_закрытия], [Время_проката]) VALUES (8, CAST(N'2022-03-19T00:00:00.000' AS DateTime), CAST(N'1899-12-30T16:10:00.000' AS DateTime), 45462533, N'В прокате', NULL, N'6 часов')
INSERT [dbo].[Заказы] ([Код_заказа], [Дата_создания], [Время_создания], [Код_клиента], [Статус], [Дата_закрытия], [Время_проката]) VALUES (9, CAST(N'2022-03-20T00:00:00.000' AS DateTime), CAST(N'1899-12-30T10:00:00.000' AS DateTime), 45462534, N'В прокате', NULL, N'12 часов')
INSERT [dbo].[Заказы] ([Код_заказа], [Дата_создания], [Время_создания], [Код_клиента], [Статус], [Дата_закрытия], [Время_проката]) VALUES (10, CAST(N'2022-03-21T00:00:00.000' AS DateTime), CAST(N'1899-12-30T11:00:00.000' AS DateTime), 45462535, N'Новая', NULL, N'120 минут')
INSERT [dbo].[Заказы] ([Код_заказа], [Дата_создания], [Время_создания], [Код_клиента], [Статус], [Дата_закрытия], [Время_проката]) VALUES (11, CAST(N'2022-03-22T00:00:00.000' AS DateTime), CAST(N'1899-12-30T12:00:00.000' AS DateTime), 45462536, N'Закрыта', CAST(N'2022-03-22T00:00:00.000' AS DateTime), N'600 минут')
INSERT [dbo].[Заказы] ([Код_заказа], [Дата_создания], [Время_создания], [Код_клиента], [Статус], [Дата_закрытия], [Время_проката]) VALUES (12, CAST(N'2022-03-23T00:00:00.000' AS DateTime), CAST(N'1899-12-30T13:00:00.000' AS DateTime), 45462537, N'В прокате', NULL, N'2 часа')
INSERT [dbo].[Заказы] ([Код_заказа], [Дата_создания], [Время_создания], [Код_клиента], [Статус], [Дата_закрытия], [Время_проката]) VALUES (13, CAST(N'2022-03-24T00:00:00.000' AS DateTime), CAST(N'1899-12-30T14:00:00.000' AS DateTime), 45462538, N'В прокате', NULL, N'10 часов')
INSERT [dbo].[Заказы] ([Код_заказа], [Дата_создания], [Время_создания], [Код_клиента], [Статус], [Дата_закрытия], [Время_проката]) VALUES (14, CAST(N'2022-03-25T00:00:00.000' AS DateTime), CAST(N'1899-12-30T15:00:00.000' AS DateTime), 45462539, N'В прокате', NULL, N'320 минут')
INSERT [dbo].[Заказы] ([Код_заказа], [Дата_создания], [Время_создания], [Код_клиента], [Статус], [Дата_закрытия], [Время_проката]) VALUES (15, CAST(N'2022-03-26T00:00:00.000' AS DateTime), CAST(N'1899-12-30T16:00:00.000' AS DateTime), 45462540, N'Закрыта', CAST(N'2022-04-26T00:00:00.000' AS DateTime), N'480 минут')
INSERT [dbo].[Заказы] ([Код_заказа], [Дата_создания], [Время_создания], [Код_клиента], [Статус], [Дата_закрытия], [Время_проката]) VALUES (16, CAST(N'2022-03-27T00:00:00.000' AS DateTime), CAST(N'1899-12-30T17:00:00.000' AS DateTime), 45462541, N'Новая', NULL, N'4 часа')
INSERT [dbo].[Заказы] ([Код_заказа], [Дата_создания], [Время_создания], [Код_клиента], [Статус], [Дата_закрытия], [Время_проката]) VALUES (17, CAST(N'2022-03-28T00:00:00.000' AS DateTime), CAST(N'1899-12-30T18:00:00.000' AS DateTime), 45462542, N'В прокате', NULL, N'6 часов')
INSERT [dbo].[Заказы] ([Код_заказа], [Дата_создания], [Время_создания], [Код_клиента], [Статус], [Дата_закрытия], [Время_проката]) VALUES (18, CAST(N'2022-03-29T00:00:00.000' AS DateTime), CAST(N'1899-12-30T19:00:00.000' AS DateTime), 45462543, N'В прокате', NULL, N'12 часов')
INSERT [dbo].[Заказы] ([Код_заказа], [Дата_создания], [Время_создания], [Код_клиента], [Статус], [Дата_закрытия], [Время_проката]) VALUES (19, CAST(N'2022-03-30T00:00:00.000' AS DateTime), CAST(N'1899-12-30T12:30:00.000' AS DateTime), 45462544, N'Новая', NULL, N'120 минут')
INSERT [dbo].[Заказы] ([Код_заказа], [Дата_создания], [Время_создания], [Код_клиента], [Статус], [Дата_закрытия], [Время_проката]) VALUES (20, CAST(N'2022-03-31T00:00:00.000' AS DateTime), CAST(N'1899-12-30T13:30:00.000' AS DateTime), 45462545, N'Новая', NULL, N'600 минут')
INSERT [dbo].[Заказы] ([Код_заказа], [Дата_создания], [Время_создания], [Код_клиента], [Статус], [Дата_закрытия], [Время_проката]) VALUES (21, CAST(N'2022-04-01T00:00:00.000' AS DateTime), CAST(N'1899-12-30T14:30:00.000' AS DateTime), 45462546, N'Закрыта', CAST(N'2022-04-01T00:00:00.000' AS DateTime), N'2 часа')
INSERT [dbo].[Заказы] ([Код_заказа], [Дата_создания], [Время_создания], [Код_клиента], [Статус], [Дата_закрытия], [Время_проката]) VALUES (22, CAST(N'2022-04-02T00:00:00.000' AS DateTime), CAST(N'1899-12-30T15:30:00.000' AS DateTime), 45462547, N'Новая', NULL, N'10 часов')
INSERT [dbo].[Заказы] ([Код_заказа], [Дата_создания], [Время_создания], [Код_клиента], [Статус], [Дата_закрытия], [Время_проката]) VALUES (23, CAST(N'2022-04-03T00:00:00.000' AS DateTime), CAST(N'1899-12-30T16:30:00.000' AS DateTime), 45462548, N'Новая', NULL, N'320 минут')
INSERT [dbo].[Заказы] ([Код_заказа], [Дата_создания], [Время_создания], [Код_клиента], [Статус], [Дата_закрытия], [Время_проката]) VALUES (24, CAST(N'2022-04-04T00:00:00.000' AS DateTime), CAST(N'1899-12-30T17:30:00.000' AS DateTime), 45462549, N'В прокате', NULL, N'480 минут')
INSERT [dbo].[Заказы] ([Код_заказа], [Дата_создания], [Время_создания], [Код_клиента], [Статус], [Дата_закрытия], [Время_проката]) VALUES (25, CAST(N'2022-04-05T00:00:00.000' AS DateTime), CAST(N'1899-12-30T18:30:00.000' AS DateTime), 45462550, N'В прокате', NULL, N'4 часа')
INSERT [dbo].[Заказы] ([Код_заказа], [Дата_создания], [Время_создания], [Код_клиента], [Статус], [Дата_закрытия], [Время_проката]) VALUES (26, CAST(N'2022-04-06T00:00:00.000' AS DateTime), CAST(N'1899-12-30T15:30:00.000' AS DateTime), 45462551, N'В прокате', NULL, N'6 часов')
INSERT [dbo].[Заказы] ([Код_заказа], [Дата_создания], [Время_создания], [Код_клиента], [Статус], [Дата_закрытия], [Время_проката]) VALUES (27, CAST(N'2022-04-07T00:00:00.000' AS DateTime), CAST(N'1899-12-30T16:30:00.000' AS DateTime), 45462552, N'В прокате', NULL, N'12 часов')
INSERT [dbo].[Заказы] ([Код_заказа], [Дата_создания], [Время_создания], [Код_клиента], [Статус], [Дата_закрытия], [Время_проката]) VALUES (28, CAST(N'2022-04-08T00:00:00.000' AS DateTime), CAST(N'1899-12-30T17:30:00.000' AS DateTime), 45462553, N'Закрыта', CAST(N'2022-04-08T00:00:00.000' AS DateTime), N'120 минут')
INSERT [dbo].[Заказы] ([Код_заказа], [Дата_создания], [Время_создания], [Код_клиента], [Статус], [Дата_закрытия], [Время_проката]) VALUES (29, CAST(N'2022-04-09T00:00:00.000' AS DateTime), CAST(N'1899-12-30T18:30:00.000' AS DateTime), 45462554, N'Новая', NULL, N'600 минут')
INSERT [dbo].[Заказы] ([Код_заказа], [Дата_создания], [Время_создания], [Код_клиента], [Статус], [Дата_закрытия], [Время_проката]) VALUES (30, CAST(N'2022-04-10T00:00:00.000' AS DateTime), CAST(N'1899-12-30T19:30:00.000' AS DateTime), 45462555, N'В прокате', NULL, N'2 часа')
INSERT [dbo].[Заказы] ([Код_заказа], [Дата_создания], [Время_создания], [Код_клиента], [Статус], [Дата_закрытия], [Время_проката]) VALUES (31, CAST(N'2022-04-11T00:00:00.000' AS DateTime), CAST(N'1899-12-30T10:30:00.000' AS DateTime), 45462556, N'В прокате', NULL, N'10 часов')
INSERT [dbo].[Заказы] ([Код_заказа], [Дата_создания], [Время_создания], [Код_клиента], [Статус], [Дата_закрытия], [Время_проката]) VALUES (32, CAST(N'2022-04-12T00:00:00.000' AS DateTime), CAST(N'1899-12-30T11:30:00.000' AS DateTime), 45462557, N'Новая', NULL, N'320 минут')
INSERT [dbo].[Заказы] ([Код_заказа], [Дата_создания], [Время_создания], [Код_клиента], [Статус], [Дата_закрытия], [Время_проката]) VALUES (33, CAST(N'2022-04-13T00:00:00.000' AS DateTime), CAST(N'1899-12-30T12:30:00.000' AS DateTime), 45462558, N'Новая', NULL, N'480 минут')
INSERT [dbo].[Заказы] ([Код_заказа], [Дата_создания], [Время_создания], [Код_клиента], [Статус], [Дата_закрытия], [Время_проката]) VALUES (34, CAST(N'2022-04-14T00:00:00.000' AS DateTime), CAST(N'1899-12-30T13:30:00.000' AS DateTime), 45462559, N'Новая', NULL, N'4 часа')
INSERT [dbo].[Заказы] ([Код_заказа], [Дата_создания], [Время_создания], [Код_клиента], [Статус], [Дата_закрытия], [Время_проката]) VALUES (35, CAST(N'2022-04-15T00:00:00.000' AS DateTime), CAST(N'1899-12-30T14:30:00.000' AS DateTime), 45462560, N'В прокате', NULL, N'6 часов')
INSERT [dbo].[Заказы] ([Код_заказа], [Дата_создания], [Время_создания], [Код_клиента], [Статус], [Дата_закрытия], [Время_проката]) VALUES (36, CAST(N'2022-04-02T00:00:00.000' AS DateTime), CAST(N'1899-12-30T15:30:00.000' AS DateTime), 45462561, N'В прокате', NULL, N'12 часов')
INSERT [dbo].[Заказы] ([Код_заказа], [Дата_создания], [Время_создания], [Код_клиента], [Статус], [Дата_закрытия], [Время_проката]) VALUES (37, CAST(N'2022-04-03T00:00:00.000' AS DateTime), CAST(N'1899-12-30T16:30:00.000' AS DateTime), 45462562, N'В прокате', NULL, N'120 минут')
INSERT [dbo].[Заказы] ([Код_заказа], [Дата_создания], [Время_создания], [Код_клиента], [Статус], [Дата_закрытия], [Время_проката]) VALUES (38, CAST(N'2022-04-04T00:00:00.000' AS DateTime), CAST(N'1899-12-30T17:30:00.000' AS DateTime), 45462563, N'Закрыта', CAST(N'2022-04-04T00:00:00.000' AS DateTime), N'600 минут')
INSERT [dbo].[Заказы] ([Код_заказа], [Дата_создания], [Время_создания], [Код_клиента], [Статус], [Дата_закрытия], [Время_проката]) VALUES (39, CAST(N'2022-04-05T00:00:00.000' AS DateTime), CAST(N'1899-12-30T10:15:00.000' AS DateTime), 45462564, N'В прокате', NULL, N'2 часа')
INSERT [dbo].[Заказы] ([Код_заказа], [Дата_создания], [Время_создания], [Код_клиента], [Статус], [Дата_закрытия], [Время_проката]) VALUES (40, CAST(N'2022-04-06T00:00:00.000' AS DateTime), CAST(N'1899-12-30T11:15:00.000' AS DateTime), 45462565, N'Новая', NULL, N'10 часов')
INSERT [dbo].[Заказы] ([Код_заказа], [Дата_создания], [Время_создания], [Код_клиента], [Статус], [Дата_закрытия], [Время_проката]) VALUES (41, CAST(N'2022-04-07T00:00:00.000' AS DateTime), CAST(N'1899-12-30T12:15:00.000' AS DateTime), 45462566, N'Закрыта', CAST(N'2022-04-07T00:00:00.000' AS DateTime), N'320 минут')
INSERT [dbo].[Заказы] ([Код_заказа], [Дата_создания], [Время_создания], [Код_клиента], [Статус], [Дата_закрытия], [Время_проката]) VALUES (42, CAST(N'2022-04-08T00:00:00.000' AS DateTime), CAST(N'1899-12-30T13:15:00.000' AS DateTime), 45462567, N'В прокате', NULL, N'480 минут')
INSERT [dbo].[Заказы] ([Код_заказа], [Дата_создания], [Время_создания], [Код_клиента], [Статус], [Дата_закрытия], [Время_проката]) VALUES (43, CAST(N'2022-04-09T00:00:00.000' AS DateTime), CAST(N'1899-12-30T14:15:00.000' AS DateTime), 45462568, N'В прокате', NULL, N'4 часа')
INSERT [dbo].[Заказы] ([Код_заказа], [Дата_создания], [Время_создания], [Код_клиента], [Статус], [Дата_закрытия], [Время_проката]) VALUES (44, CAST(N'2022-04-01T00:00:00.000' AS DateTime), CAST(N'1899-12-30T15:15:00.000' AS DateTime), 45462569, N'В прокате', NULL, N'6 часов')
INSERT [dbo].[Заказы] ([Код_заказа], [Дата_создания], [Время_создания], [Код_клиента], [Статус], [Дата_закрытия], [Время_проката]) VALUES (45, CAST(N'2022-04-02T00:00:00.000' AS DateTime), CAST(N'1899-12-30T16:15:00.000' AS DateTime), 45462570, N'В прокате', NULL, N'12 часов')
INSERT [dbo].[Заказы] ([Код_заказа], [Дата_создания], [Время_создания], [Код_клиента], [Статус], [Дата_закрытия], [Время_проката]) VALUES (46, CAST(N'2022-04-03T00:00:00.000' AS DateTime), CAST(N'1899-12-30T10:45:00.000' AS DateTime), 45462571, N'В прокате', NULL, N'480 минут')
INSERT [dbo].[Заказы] ([Код_заказа], [Дата_создания], [Время_создания], [Код_клиента], [Статус], [Дата_закрытия], [Время_проката]) VALUES (47, CAST(N'2022-04-04T00:00:00.000' AS DateTime), CAST(N'1899-12-30T11:45:00.000' AS DateTime), 45462572, N'Закрыта', CAST(N'2022-04-04T00:00:00.000' AS DateTime), N'320 минут')
INSERT [dbo].[Заказы] ([Код_заказа], [Дата_создания], [Время_создания], [Код_клиента], [Статус], [Дата_закрытия], [Время_проката]) VALUES (48, CAST(N'2022-04-05T00:00:00.000' AS DateTime), CAST(N'1899-12-30T12:45:00.000' AS DateTime), 45462573, N'Новая', NULL, N'480 минут')
INSERT [dbo].[Заказы] ([Код_заказа], [Дата_создания], [Время_создания], [Код_клиента], [Статус], [Дата_закрытия], [Время_проката]) VALUES (49, CAST(N'2022-04-06T00:00:00.000' AS DateTime), CAST(N'1899-12-30T13:45:00.000' AS DateTime), 45462574, N'Новая', NULL, N'4 часа')
INSERT [dbo].[Заказы] ([Код_заказа], [Дата_создания], [Время_создания], [Код_клиента], [Статус], [Дата_закрытия], [Время_проката]) VALUES (50, CAST(N'2022-04-07T00:00:00.000' AS DateTime), CAST(N'1899-12-30T14:45:00.000' AS DateTime), 45462575, N'Новая', NULL, N'6 часов')
INSERT [dbo].[Заказы] ([Код_заказа], [Дата_создания], [Время_создания], [Код_клиента], [Статус], [Дата_закрытия], [Время_проката]) VALUES (NULL, NULL, NULL, NULL, NULL, NULL, NULL)
GO
INSERT [dbo].[Клиенты] ([ФИО], [Код клиента], [Паспортные данные], [Дата рождения], [Адрес], [e-mail], [password]) VALUES (N'Фролов Андрей Иванович', 45462526, N'Серия 1180 Номер 176596', CAST(N'2001-07-14T00:00:00.000' AS DateTime), N'344288, г. Екатеринбург, ул. Чехова, 1, кв. 34', N'gohufreilagrau-3818@yopmail.com', N'cl12345')
INSERT [dbo].[Клиенты] ([ФИО], [Код клиента], [Паспортные данные], [Дата рождения], [Адрес], [e-mail], [password]) VALUES (N'Николаев Даниил Всеволодович', 45462527, N'Серия 2280 Номер 223523', CAST(N'2001-02-10T00:00:00.000' AS DateTime), N'614164, г. Екатеринбург, ул. Степная, 30, кв. 75', N'xawugosune-1385@yopmail.com', N'cl12346')
INSERT [dbo].[Клиенты] ([ФИО], [Код клиента], [Паспортные данные], [Дата рождения], [Адрес], [e-mail], [password]) VALUES (N'Снегирев Макар Иванович', 45462528, N'Серия 4560 Номер 354155', CAST(N'1998-05-21T00:00:00.000' AS DateTime), N'394242, г. Екатеринбург, ул. Коммунистическая, 43, кв. 57', N'satrahuddusei-4458@yopmail.com', N'cl12347')
INSERT [dbo].[Клиенты] ([ФИО], [Код клиента], [Паспортные данные], [Дата рождения], [Адрес], [e-mail], [password]) VALUES (N'Иванов Иван Ильич', 45462529, N'Серия 9120 Номер 554296', CAST(N'1998-10-01T00:00:00.000' AS DateTime), N'660540, г. Екатеринбург, ул. Солнечная, 25, кв. 78', N'boippaxeufrepra-7093@yopmail.com', N'cl12348')
INSERT [dbo].[Клиенты] ([ФИО], [Код клиента], [Паспортные данные], [Дата рождения], [Адрес], [e-mail], [password]) VALUES (N'Филиппова Анна Глебовна', 45462530, N'Серия 2367 Номер 558134', CAST(N'1976-05-31T00:00:00.000' AS DateTime), N'125837, г. Екатеринбург, ул. Шоссейная, 40, кв. 92', N'zapramaxesu-7741@yopmail.com', N'cl12349')
INSERT [dbo].[Клиенты] ([ФИО], [Код клиента], [Паспортные данные], [Дата рождения], [Адрес], [e-mail], [password]) VALUES (N'Иванов Михаил Владимирович', 45462531, N'Серия 7101 Номер 669343', CAST(N'1985-11-04T00:00:00.000' AS DateTime), N'125703, г. Екатеринбург, ул. Партизанская, 49, кв. 84', N'rouzecroummegre-3899@yopmail.com', N'cl12350')
INSERT [dbo].[Клиенты] ([ФИО], [Код клиента], [Паспортные данные], [Дата рождения], [Адрес], [e-mail], [password]) VALUES (N'Власов Дмитрий Александрович', 45462532, N'Серия 3455 Номер 719630', CAST(N'1998-08-17T00:00:00.000' AS DateTime), N'625283, г. Екатеринбург, ул. Победы, 46, кв. 7', N'ziyeuddocrabri-4748@yopmail.com', N'cl12351')
INSERT [dbo].[Клиенты] ([ФИО], [Код клиента], [Паспортные данные], [Дата рождения], [Адрес], [e-mail], [password]) VALUES (N'Серова Екатерина Львовна', 45462533, N'Серия 2377 Номер 871623', CAST(N'1984-10-24T00:00:00.000' AS DateTime), N'614611, г. Екатеринбург, ул. Молодежная, 50, кв. 78', N'ketameissoinnei-1951@yopmail.com', N'cl12352')
INSERT [dbo].[Клиенты] ([ФИО], [Код клиента], [Паспортные данные], [Дата рождения], [Адрес], [e-mail], [password]) VALUES (N'Борисова Ирина Ивановна', 45462534, N'Серия 8755 Номер 921148', CAST(N'1976-10-14T00:00:00.000' AS DateTime), N'454311, г. Екатеринбург, ул. Новая, 19, кв. 78', N'yipraubaponou-5849@yopmail.com', N'cl12353')
INSERT [dbo].[Клиенты] ([ФИО], [Код клиента], [Паспортные данные], [Дата рождения], [Адрес], [e-mail], [password]) VALUES (N'Зайцев Никита Артёмович', 45462535, N'Серия 4355 Номер 104594', CAST(N'1999-10-14T00:00:00.000' AS DateTime), N'660007, г. Екатеринбург, ул. Октябрьская, 19, кв. 42', N'crapedocouca-3572@yopmail.com', N'cl12354')
INSERT [dbo].[Клиенты] ([ФИО], [Код клиента], [Паспортные данные], [Дата рождения], [Адрес], [e-mail], [password]) VALUES (N'Медведев Святослав Евгеньевич', 45462536, N'Серия 2791 Номер 114390', CAST(N'1985-07-13T00:00:00.000' AS DateTime), N'603036, г. Екатеринбург, ул. Садовая, 4, кв. 13', N'ceigoixakaunni-9227@yopmail.com', N'cl12355')
INSERT [dbo].[Клиенты] ([ФИО], [Код клиента], [Паспортные данные], [Дата рождения], [Адрес], [e-mail], [password]) VALUES (N'Коротков Кирилл Алексеевич', 45462537, N'Серия 5582 Номер 126286', CAST(N'1976-05-26T00:00:00.000' AS DateTime), N'450983, г. Екатеринбург, ул. Комсомольская, 26, кв. 60', N'yeimmeiwauzomo-7054@yopmail.com', N'cl12356')
INSERT [dbo].[Клиенты] ([ФИО], [Код клиента], [Паспортные данные], [Дата рождения], [Адрес], [e-mail], [password]) VALUES (N'Калашникова Арина Максимовна', 45462538, N'Серия 2978 Номер 133653', CAST(N'1999-08-13T00:00:00.000' AS DateTime), N'394782, г. Екатеринбург, ул. Чехова, 3, кв. 14', N'poleifenevi-1560@yopmail.com', N'cl12357')
INSERT [dbo].[Клиенты] ([ФИО], [Код клиента], [Паспортные данные], [Дата рождения], [Адрес], [e-mail], [password]) VALUES (N'Минина Таисия Кирилловна', 45462539, N'Серия 7512 Номер 141956', CAST(N'1985-10-13T00:00:00.000' AS DateTime), N'603002, г. Екатеринбург, ул. Дзержинского, 28, кв. 56', N'kauprezofautei-6607@yopmail.com', N'cl12358')
INSERT [dbo].[Клиенты] ([ФИО], [Код клиента], [Паспортные данные], [Дата рождения], [Адрес], [e-mail], [password]) VALUES (N'Наумов Серафим Романович', 45462540, N'Серия 5046 Номер 158433', CAST(N'1999-04-15T00:00:00.000' AS DateTime), N'450558, г. Екатеринбург, ул. Набережная, 30, кв. 71', N'quaffaullelourei-1667@yopmail.com', N'cl12359')
INSERT [dbo].[Клиенты] ([ФИО], [Код клиента], [Паспортные данные], [Дата рождения], [Адрес], [e-mail], [password]) VALUES (N'Воробьева Василиса Евгеньевна', 45462541, N'Серия 2460 Номер 169505', CAST(N'1999-01-13T00:00:00.000' AS DateTime), N'394060, г. Екатеринбург, ул. Фрунзе, 43, кв. 79', N'jsteele@rojas-robinson.net', N'cl12360')
INSERT [dbo].[Клиенты] ([ФИО], [Код клиента], [Паспортные данные], [Дата рождения], [Адрес], [e-mail], [password]) VALUES (N'Калинин Александр Андреевич', 45462542, N'Серия 3412 Номер 174593', CAST(N'1999-01-07T00:00:00.000' AS DateTime), N'410661, г. Екатеринбург, ул. Школьная, 50, кв. 53', N'vhopkins@lewis-mullen.com', N'cl12361')
INSERT [dbo].[Клиенты] ([ФИО], [Код клиента], [Паспортные данные], [Дата рождения], [Адрес], [e-mail], [password]) VALUES (N'Кузнецова Милана Владиславовна', 45462543, N'Серия 4950 Номер 183034', CAST(N'1999-01-24T00:00:00.000' AS DateTime), N'625590, г. Екатеринбург, ул. Коммунистическая, 20, кв. 34', N'nlewis@yahoo.com', N'cl12362')
INSERT [dbo].[Клиенты] ([ФИО], [Код клиента], [Паспортные данные], [Дата рождения], [Адрес], [e-mail], [password]) VALUES (N'Фирсов Егор Романович', 45462544, N'Серия 5829 Номер 219464', CAST(N'1993-09-02T00:00:00.000' AS DateTime), N'625683, г. Екатеринбург, ул. 8 Марта, 20, кв. 21', N'garciadavid@mckinney-mcbride.com', N'cl12363')
INSERT [dbo].[Клиенты] ([ФИО], [Код клиента], [Паспортные данные], [Дата рождения], [Адрес], [e-mail], [password]) VALUES (N'Зимина Агния Александровна', 45462545, N'Серия 6443 Номер 208059', CAST(N'1998-09-03T00:00:00.000' AS DateTime), N'400562, г. Екатеринбург, ул. Зеленая, 32, кв. 67', N'cbradley@castro.com', N'cl12364')
INSERT [dbo].[Клиенты] ([ФИО], [Код клиента], [Паспортные данные], [Дата рождения], [Адрес], [e-mail], [password]) VALUES (N'Титов Андрей Глебович', 45462546, N'Серия 7079 Номер 213265', CAST(N'1985-10-23T00:00:00.000' AS DateTime), N'614510, г. Екатеринбург, ул. Маяковского, 47, кв. 72', N'cuevascatherine@carlson.biz', N'cl12365')
INSERT [dbo].[Клиенты] ([ФИО], [Код клиента], [Паспортные данные], [Дата рождения], [Адрес], [e-mail], [password]) VALUES (N'Орлов Николай Егорович', 45462547, N'Серия 8207 Номер 522702', CAST(N'1985-07-27T00:00:00.000' AS DateTime), N'410542, г. Екатеринбург, ул. Светлая, 46, кв. 82', N'thomasmoore@wilson-singh.net', N'cl12366')
INSERT [dbo].[Клиенты] ([ФИО], [Код клиента], [Паспортные данные], [Дата рождения], [Адрес], [e-mail], [password]) VALUES (N'Кузнецова Аиша Михайловна', 45462548, N'Серия 9307 Номер 232158', CAST(N'1998-10-04T00:00:00.000' AS DateTime), N'620839, г. Екатеринбург, ул. Цветочная, 8, кв. 100', N'jessica84@hotmail.com', N'cl12367')
INSERT [dbo].[Клиенты] ([ФИО], [Код клиента], [Паспортные данные], [Дата рождения], [Адрес], [e-mail], [password]) VALUES (N'Куликов Никита Георгиевич', 45462549, N'Серия 1357 Номер 242839', CAST(N'1999-04-23T00:00:00.000' AS DateTime), N'443890, г. Екатеринбург, ул. Коммунистическая, 1, кв. 10', N'jessicapark@hotmail.com', N'cl12368')
INSERT [dbo].[Клиенты] ([ФИО], [Код клиента], [Паспортные данные], [Дата рождения], [Адрес], [e-mail], [password]) VALUES (N'Карпова София Егоровна', 45462550, N'Серия 1167 Номер 256636', CAST(N'1993-10-01T00:00:00.000' AS DateTime), N'603379, г. Екатеринбург, ул. Спортивная, 46, кв. 95', N'ginaritter@schneider-buchanan.com', N'cl12369')
INSERT [dbo].[Клиенты] ([ФИО], [Код клиента], [Паспортные данные], [Дата рождения], [Адрес], [e-mail], [password]) VALUES (N'Смирнова Дарья Макаровна', 45462551, N'Серия 1768 Номер 266986', CAST(N'1976-03-22T00:00:00.000' AS DateTime), N'603721, г. Екатеринбург, ул. Гоголя, 41, кв. 57', N'stephen99@yahoo.com', N'cl12370')
INSERT [dbo].[Клиенты] ([ФИО], [Код клиента], [Паспортные данные], [Дата рождения], [Адрес], [e-mail], [password]) VALUES (N'Абрамова Александра Мироновна', 45462552, N'Серия 1710 Номер 427875', CAST(N'1999-03-26T00:00:00.000' AS DateTime), N'410172, г. Екатеринбург, ул. Северная, 13, кв. 86', N'lopezlisa@hotmail.com', N'cl12371')
INSERT [dbo].[Клиенты] ([ФИО], [Код клиента], [Паспортные данные], [Дата рождения], [Адрес], [e-mail], [password]) VALUES (N'Наумов Руслан Михайлович', 45462553, N'Серия 1806 Номер 289145', CAST(N'1999-10-11T00:00:00.000' AS DateTime), N'420151, г. Екатеринбург, ул. Вишневая, 32, кв. 81', N'lori17@hotmail.com', N'cl12372')
INSERT [dbo].[Клиенты] ([ФИО], [Код клиента], [Паспортные данные], [Дата рождения], [Адрес], [e-mail], [password]) VALUES (N'Бочаров Никита Матвеевич', 45462554, N'Серия 1587 Номер 291249', CAST(N'1997-06-29T00:00:00.000' AS DateTime), N'125061, г. Екатеринбург, ул. Подгорная, 8, кв. 74', N'campbellkevin@gardner.com', N'cl12373')
INSERT [dbo].[Клиенты] ([ФИО], [Код клиента], [Паспортные данные], [Дата рождения], [Адрес], [e-mail], [password]) VALUES (N'Соловьев Давид Ильич', 45462555, N'Серия 1647 Номер 306372', CAST(N'1984-03-06T00:00:00.000' AS DateTime), N'630370, г. Екатеринбург, ул. Шоссейная, 24, кв. 81', N'morganhoward@clark.com', N'cl12374')
INSERT [dbo].[Клиенты] ([ФИО], [Код клиента], [Паспортные данные], [Дата рождения], [Адрес], [e-mail], [password]) VALUES (N'Васильева Валерия Дмитриевна', 45462556, N'Серия 1742 Номер 316556', CAST(N'1999-09-30T00:00:00.000' AS DateTime), N'614753, г. Екатеринбург, ул. Полевая, 35, кв. 39', N'carsontamara@gmail.com', N'cl12375')
INSERT [dbo].[Клиенты] ([ФИО], [Код клиента], [Паспортные данные], [Дата рождения], [Адрес], [e-mail], [password]) VALUES (N'Макарова Василиса Андреевна', 45462557, N'Серия 1474 Номер 326347', CAST(N'1999-04-08T00:00:00.000' AS DateTime), N'426030, г. Екатеринбург, ул. Маяковского, 44, кв. 93', N'kevinpatel@gmail.com', N'cl12376')
INSERT [dbo].[Клиенты] ([ФИО], [Код клиента], [Паспортные данные], [Дата рождения], [Адрес], [e-mail], [password]) VALUES (N'Алексеев Матвей Викторович', 45462558, N'Серия 1452 Номер 339539', CAST(N'1998-08-02T00:00:00.000' AS DateTime), N'450375, г. Екатеринбург, ул. Клубная, 44, кв. 80', N'sethbishop@yahoo.com', N'cl12377')
INSERT [dbo].[Клиенты] ([ФИО], [Код клиента], [Паспортные данные], [Дата рождения], [Адрес], [e-mail], [password]) VALUES (N'Никитина Полина Александровна', 45462559, N'Серия 2077 Номер 443480', CAST(N'1976-09-19T00:00:00.000' AS DateTime), N'625560, г. Екатеринбург, ул. Некрасова, 12, кв. 66', N'drollins@schultz-soto.net', N'cl12378')
INSERT [dbo].[Клиенты] ([ФИО], [Код клиента], [Паспортные данные], [Дата рождения], [Адрес], [e-mail], [password]) VALUES (N'Окулова Олеся Алексеевна', 45462560, N'Серия 2147 Номер 357518', CAST(N'1999-04-03T00:00:00.000' AS DateTime), N'630201, г. Екатеринбург, ул. Комсомольская, 17, кв. 25', N'pblack@copeland-winters.org', N'cl12379')
INSERT [dbo].[Клиенты] ([ФИО], [Код клиента], [Паспортные данные], [Дата рождения], [Адрес], [e-mail], [password]) VALUES (N'Захарова Полина Яновна', 45462561, N'Серия 2687 Номер 363884', CAST(N'1976-04-21T00:00:00.000' AS DateTime), N'190949, г. Екатеринбург, ул. Мичурина, 26, кв. 93', N'johnathon.oberbrunner@yahoo.com', N'cl12380')
INSERT [dbo].[Клиенты] ([ФИО], [Код клиента], [Паспортные данные], [Дата рождения], [Адрес], [e-mail], [password]) VALUES (N'Зайцев Владимир Давидович', 45462562, N'Серия 2376 Номер 443711', CAST(N'1998-01-26T00:00:00.000' AS DateTime), N'350501, г. Екатеринбург, ул. Парковая, 2, кв. 7', N'bradly29@gmail.com', N'cl12381')
INSERT [dbo].[Клиенты] ([ФИО], [Код клиента], [Паспортные данные], [Дата рождения], [Адрес], [e-mail], [password]) VALUES (N'Иванов Виталий Даниилович', 45462563, N'Серия 2568 Номер 386237', CAST(N'1976-08-11T00:00:00.000' AS DateTime), N'450048, г. Екатеринбург, ул. Коммунистическая, 21, кв. 3', N'stark.cristina@hilpert.biz', N'cl12382')
INSERT [dbo].[Клиенты] ([ФИО], [Код клиента], [Паспортные данные], [Дата рождения], [Адрес], [e-mail], [password]) VALUES (N'Захаров Матвей Романович', 45462564, N'Серия 2556 Номер 439376', CAST(N'1993-07-12T00:00:00.000' AS DateTime), N'644921, г. Екатеринбург, ул. Школьная, 46, кв. 37', N'bruen.eleanore@yahoo.com', N'cl12383')
INSERT [dbo].[Клиенты] ([ФИО], [Код клиента], [Паспортные данные], [Дата рождения], [Адрес], [e-mail], [password]) VALUES (N'Иванов Степан Степанович', 45462565, N'Серия 2737 Номер 407501', CAST(N'1998-09-19T00:00:00.000' AS DateTime), N'614228, г. Екатеринбург, ул. Дорожная, 36, кв. 54', N'percival.halvorson@yahoo.com', N'cl12384')
INSERT [dbo].[Клиенты] ([ФИО], [Код клиента], [Паспортные данные], [Дата рождения], [Адрес], [e-mail], [password]) VALUES (N'Ткачева Милана Тимуровна', 45462566, N'Серия 2581 Номер 441645', CAST(N'1998-05-24T00:00:00.000' AS DateTime), N'350940, г. Екатеринбург, ул. Первомайская, 23, кв. 2', N'javonte71@kuhlman.biz', N'cl12385')
INSERT [dbo].[Клиенты] ([ФИО], [Код клиента], [Паспортные данные], [Дата рождения], [Адрес], [e-mail], [password]) VALUES (N'Семенов Даниил Иванович', 45462567, N'Серия 2675 Номер 427933', CAST(N'1976-01-04T00:00:00.000' AS DateTime), N'344990, г. Екатеринбург, ул. Красноармейская, 19, кв. 92', N'vconnelly@kautzer.com', N'cl12386')
INSERT [dbo].[Клиенты] ([ФИО], [Код клиента], [Паспортные данные], [Дата рождения], [Адрес], [e-mail], [password]) VALUES (N'Виноградов Вячеслав Дмитриевич', 45462568, N'Серия 2967 Номер 434531', CAST(N'1976-07-12T00:00:00.000' AS DateTime), N'410248, г. Екатеринбург, ул. Чкалова, 11, кв. 75', N'anabelle07@schultz.info', N'cl12387')
INSERT [dbo].[Клиенты] ([ФИО], [Код клиента], [Паспортные данные], [Дата рождения], [Адрес], [e-mail], [password]) VALUES (N'Соболева Николь Фёдоровна', 45462569, N'Серия 3070 Номер 449655', CAST(N'1976-05-02T00:00:00.000' AS DateTime), N'400839, г. Екатеринбург, ул. 8 Марта, 46, кв. 44', N'nitzsche.katlynn@yahoo.com', N'cl12388')
INSERT [dbo].[Клиенты] ([ФИО], [Код клиента], [Паспортные данные], [Дата рождения], [Адрес], [e-mail], [password]) VALUES (N'Тихонова Анна Львовна', 45462570, N'Серия 3108 Номер 451174', CAST(N'1985-03-23T00:00:00.000' AS DateTime), N'450539, г. Екатеринбург, ул. Заводская, 3, кв. 81', N'corine16@von.com', N'cl12389')
INSERT [dbo].[Клиенты] ([ФИО], [Код клиента], [Паспортные данные], [Дата рождения], [Адрес], [e-mail], [password]) VALUES (N'Кузнецова Ульяна Савельевна', 45462571, N'Серия 3250 Номер 464705', CAST(N'1999-06-03T00:00:00.000' AS DateTime), N'614591, г. Екатеринбург, ул. Цветочная, 20, кв. 40', N'otha.wisozk@lubowitz.org', N'cl12390')
INSERT [dbo].[Клиенты] ([ФИО], [Код клиента], [Паспортные данные], [Дата рождения], [Адрес], [e-mail], [password]) VALUES (N'Смирнова Анна Германовна', 45462572, N'Серия 3392 Номер 471644', CAST(N'1997-07-18T00:00:00.000' AS DateTime), N'400260, г. Екатеринбург, ул. Больничная, 30, кв. 53', N'may.kirlin@hotmail.com', N'cl12391')
INSERT [dbo].[Клиенты] ([ФИО], [Код клиента], [Паспортные данные], [Дата рождения], [Адрес], [e-mail], [password]) VALUES (N'Черепанова Анна Давидовна', 45462573, N'Серия 3497 Номер 487819', CAST(N'1985-11-06T00:00:00.000' AS DateTime), N'660924, г. Екатеринбург, ул. Молодежная, 32, кв. 59', N'bryana.kautzer@yahoo.com', N'cl12392')
INSERT [dbo].[Клиенты] ([ФИО], [Код клиента], [Паспортные данные], [Дата рождения], [Адрес], [e-mail], [password]) VALUES (N'Григорьев Максим Кириллович', 45462574, N'Серия 3560 Номер 491260', CAST(N'1999-05-26T00:00:00.000' AS DateTime), N'644133, г. Екатеринбург, ул. Гагарина, 28, кв. 69', N'deborah.christiansen@quigley.biz', N'cl12393')
INSERT [dbo].[Клиенты] ([ФИО], [Код клиента], [Паспортные данные], [Дата рождения], [Адрес], [e-mail], [password]) VALUES (N'Голубев Даниэль Александрович', 45462575, N'Серия 3620 Номер 506034', CAST(N'1999-06-14T00:00:00.000' AS DateTime), N'450698, г. Екатеринбург, ул. Вокзальная, 14, кв. 37', N'connelly.makayla@yahoo.com', N'cl12394')
INSERT [dbo].[Клиенты] ([ФИО], [Код клиента], [Паспортные данные], [Дата рождения], [Адрес], [e-mail], [password]) VALUES (N'Миронов Юрий Денисович', 45462576, N'Серия 3774 Номер 511438', CAST(N'1985-01-26T00:00:00.000' AS DateTime), N'620653, г. Екатеринбург, ул. Западная, 15, кв. 25', N'tatum.collins@fay.org', N'cl12395')
INSERT [dbo].[Клиенты] ([ФИО], [Код клиента], [Паспортные данные], [Дата рождения], [Адрес], [e-mail], [password]) VALUES (N'Терехов Михаил Андреевич', 45462577, N'Серия 3862 Номер 521377', CAST(N'1976-07-06T00:00:00.000' AS DateTime), N'644321, г. Екатеринбург, ул. Клубная, 32, кв. 10', N'itzel73@anderson.com', N'cl12396')
INSERT [dbo].[Клиенты] ([ФИО], [Код клиента], [Паспортные данные], [Дата рождения], [Адрес], [e-mail], [password]) VALUES (N'Орлова Алиса Михайловна', 45462578, N'Серия 3084 Номер 535966', CAST(N'1997-02-24T00:00:00.000' AS DateTime), N'603653, г. Екатеринбург, ул. Молодежная, 2, кв. 45', N'arjun39@hotmail.com', N'cl12397')
INSERT [dbo].[Клиенты] ([ФИО], [Код клиента], [Паспортные данные], [Дата рождения], [Адрес], [e-mail], [password]) VALUES (N'Кулаков Константин Даниилович', 45462579, N'Серия 4021 Номер 541528', CAST(N'1993-06-20T00:00:00.000' AS DateTime), N'410181, г. Екатеринбург, ул. Механизаторов, 16, кв. 74', N'ohara.rebeka@yahoo.com', N'cl12398')
INSERT [dbo].[Клиенты] ([ФИО], [Код клиента], [Паспортные данные], [Дата рождения], [Адрес], [e-mail], [password]) VALUES (N'Кудрявцев Максим Романович', 45462580, N'Серия 4109 Номер 554053', CAST(N'1998-05-10T00:00:00.000' AS DateTime), N'394207, г. Екатеринбург, ул. Свердлова, 31, кв. 28', N'danika58@rath.com', N'cl12399')
INSERT [dbo].[Клиенты] ([ФИО], [Код клиента], [Паспортные данные], [Дата рождения], [Адрес], [e-mail], [password]) VALUES (N'Соболева Кира Фёдоровна', 45462581, N'Серия 4537 Номер 564868', CAST(N'1998-03-14T00:00:00.000' AS DateTime), N'420633, г. Екатеринбург, ул. Матросова, 18, кв. 41', N'janae.bogan@gmail.com', N'cl12400')
INSERT [dbo].[Клиенты] ([ФИО], [Код клиента], [Паспортные данные], [Дата рождения], [Адрес], [e-mail], [password]) VALUES (N'Коновалов Арсений Максимович', 45462582, N'Серия 4914 Номер 572471', CAST(N'1985-02-18T00:00:00.000' AS DateTime), N'445720, г. Екатеринбург, ул. Матросова, 50, кв. 67', N'vern91@yahoo.com', N'cl12401')
INSERT [dbo].[Клиенты] ([ФИО], [Код клиента], [Паспортные данные], [Дата рождения], [Адрес], [e-mail], [password]) VALUES (N'Гусев Михаил Дмитриевич', 45462583, N'Серия 4445 Номер 581302', CAST(N'1999-11-23T00:00:00.000' AS DateTime), N'400646, г. Екатеринбург, ул. Октябрьская, 47, кв. 65', N'mariana.leannon@larkin.net', N'cl12402')
INSERT [dbo].[Клиенты] ([ФИО], [Код клиента], [Паспортные данные], [Дата рождения], [Адрес], [e-mail], [password]) VALUES (N'Суханова Варвара Матвеевна', 45462584, N'Серия 4743 Номер 598180', CAST(N'1993-09-13T00:00:00.000' AS DateTime), N'644410, г. Екатеринбург, ул. Красная, 17, кв. 69', N'vmoore@gmail.com', N'cl12403')
INSERT [dbo].[Клиенты] ([ФИО], [Код клиента], [Паспортные данные], [Дата рождения], [Адрес], [e-mail], [password]) VALUES (N'Орлова Ясмина Васильевна', 45462585, N'Серия 4741 Номер 601821', CAST(N'1984-06-24T00:00:00.000' AS DateTime), N'400750, г. Екатеринбург, ул. Школьная, 36, кв. 71', N'damon.mcclure@mills.com', N'cl12404')
INSERT [dbo].[Клиенты] ([ФИО], [Код клиента], [Паспортные данные], [Дата рождения], [Адрес], [e-mail], [password]) VALUES (N'Васильева Ксения Константиновна', 45462586, N'Серия 4783 Номер 612567', CAST(N'1999-08-01T00:00:00.000' AS DateTime), N'660590, г. Екатеринбург, ул. Дачная, 37, кв. 70', N'grady.reilly@block.com', N'cl12405')
INSERT [dbo].[Клиенты] ([ФИО], [Код клиента], [Паспортные данные], [Дата рождения], [Адрес], [e-mail], [password]) VALUES (N'Борисова Тамара Данииловна', 45462587, N'Серия 4658 Номер 621200', CAST(N'1993-05-29T00:00:00.000' AS DateTime), N'426083, г. Екатеринбург, ул. Механизаторов, 41, кв. 26', N'boyd.koss@yahoo.com', N'cl12406')
INSERT [dbo].[Клиенты] ([ФИО], [Код клиента], [Паспортные данные], [Дата рождения], [Адрес], [e-mail], [password]) VALUES (N'Дмитриев Мирон Ильич', 45462588, N'Серия 4908 Номер 634613', CAST(N'1985-04-13T00:00:00.000' AS DateTime), N'410569, г. Екатеринбург, ул. Парковая, 36, кв. 17', N'obartell@franecki.info', N'cl12407')
INSERT [dbo].[Клиенты] ([ФИО], [Код клиента], [Паспортные данные], [Дата рождения], [Адрес], [e-mail], [password]) VALUES (N'Лебедева Анна Александровна', 45462589, N'Серия 5092 Номер 642468', CAST(N'1985-03-30T00:00:00.000' AS DateTime), N'443375, г. Екатеринбург, ул. Дзержинского, 50, кв. 95', N'reina75@ferry.net', N'cl12408')
INSERT [dbo].[Клиенты] ([ФИО], [Код клиента], [Паспортные данные], [Дата рождения], [Адрес], [e-mail], [password]) VALUES (N'Пономарев Артём Маркович', 45462590, N'Серия 5155 Номер 465274', CAST(N'1984-06-02T00:00:00.000' AS DateTime), N'614316, г. Екатеринбург, ул. Первомайская, 48, кв. 31', N'karson28@hotmail.com', N'cl12409')
INSERT [dbo].[Клиенты] ([ФИО], [Код клиента], [Паспортные данные], [Дата рождения], [Адрес], [e-mail], [password]) VALUES (N'Борисова Елена Михайловна', 45462591, N'Серия 5086 Номер 666893', CAST(N'1976-05-23T00:00:00.000' AS DateTime), N'445685, г. Екатеринбург, ул. Зеленая, 7, кв. 47', N'damaris61@okon.com', N'cl12410')
INSERT [dbo].[Клиенты] ([ФИО], [Код клиента], [Паспортные данные], [Дата рождения], [Адрес], [e-mail], [password]) VALUES (N'Моисеев Камиль Максимович', 45462592, N'Серия 5333 Номер 675375', CAST(N'1999-06-17T00:00:00.000' AS DateTime), N'614505, г. Екатеринбург, ул. Нагорная, 37, кв. 31', N'carroll.jerod@hotmail.com', N'cl12411')
INSERT [dbo].[Клиенты] ([ФИО], [Код клиента], [Паспортные данные], [Дата рождения], [Адрес], [e-mail], [password]) VALUES (N'Герасимова Дарья Константиновна', 45462593, N'Серия 5493 Номер 684572', CAST(N'1984-10-13T00:00:00.000' AS DateTime), N'426629, г. Екатеринбург, ул. Весенняя, 32, кв. 46', N'ron.treutel@quitzon.com', N'cl12412')
INSERT [dbo].[Клиенты] ([ФИО], [Код клиента], [Паспортные данные], [Дата рождения], [Адрес], [e-mail], [password]) VALUES (N'Михайлова Мария Марковна', 45462594, N'Серия 5150 Номер 696226', CAST(N'1976-12-02T00:00:00.000' AS DateTime), N'603743, г. Екатеринбург, ул. Матросова, 19, кв. 20', N'olen79@yahoo.com', N'cl12413')
INSERT [dbo].[Клиенты] ([ФИО], [Код клиента], [Паспортные данные], [Дата рождения], [Адрес], [e-mail], [password]) VALUES (N'Коршунов Кирилл Максимович', 45462595, N'Серия 1308 Номер 703305', CAST(N'1985-05-22T00:00:00.000' AS DateTime), N'450750, г. Екатеринбург, ул. Клубная, 23, кв. 90', N'pacocha.robbie@yahoo.com', N'cl12414')
INSERT [dbo].[Клиенты] ([ФИО], [Код клиента], [Паспортные данные], [Дата рождения], [Адрес], [e-mail], [password]) VALUES (NULL, NULL, NULL, NULL, NULL, NULL, NULL)
GO
INSERT [dbo].[Роли] ([Код_роли], [Наименнование_роли], [Код_сотрудника]) VALUES (11, N'Продавец', 101)
INSERT [dbo].[Роли] ([Код_роли], [Наименнование_роли], [Код_сотрудника]) VALUES (12, N'Продавец', 102)
INSERT [dbo].[Роли] ([Код_роли], [Наименнование_роли], [Код_сотрудника]) VALUES (13, N'Администратор', 103)
INSERT [dbo].[Роли] ([Код_роли], [Наименнование_роли], [Код_сотрудника]) VALUES (14, N'Старший смены', 104)
INSERT [dbo].[Роли] ([Код_роли], [Наименнование_роли], [Код_сотрудника]) VALUES (15, N'Старший смены', 105)
INSERT [dbo].[Роли] ([Код_роли], [Наименнование_роли], [Код_сотрудника]) VALUES (16, N'Старший смены', 106)
INSERT [dbo].[Роли] ([Код_роли], [Наименнование_роли], [Код_сотрудника]) VALUES (17, N'Продавец', 107)
INSERT [dbo].[Роли] ([Код_роли], [Наименнование_роли], [Код_сотрудника]) VALUES (18, N'Продавец', 108)
INSERT [dbo].[Роли] ([Код_роли], [Наименнование_роли], [Код_сотрудника]) VALUES (19, N'Продавец', 109)
INSERT [dbo].[Роли] ([Код_роли], [Наименнование_роли], [Код_сотрудника]) VALUES (20, N'Продавец', 110)
GO
INSERT [dbo].[Сотрудники] ([Код сотрудника], [Должность], [ФИО ], [Логин ], [Пароль], [Последний вход], [Тип входа], [Код роли]) VALUES (N'ID 101', N'Продавец', N'Иванов Иван Иванович', N'Ivanov@namecomp.ru', N'2L6KZG', N'15:05:2022 13:13:00', N'Успешно', 11)
INSERT [dbo].[Сотрудники] ([Код сотрудника], [Должность], [ФИО ], [Логин ], [Пароль], [Последний вход], [Тип входа], [Код роли]) VALUES (N'ID 102', N'Продавец', N'Петров Петр Петрович', N'petrov@namecomp.ru', N'uzWC67', N'15:05:2022 13:13:00', N'Успешно', 12)
INSERT [dbo].[Сотрудники] ([Код сотрудника], [Должность], [ФИО ], [Логин ], [Пароль], [Последний вход], [Тип входа], [Код роли]) VALUES (N'ID 103', N'Администратор', N'Федоров Федор Федорович', N'fedorov@namecomp.ru', N'8ntwUp', N'15:05:2022 13:13:00', N'Успешно', 13)
INSERT [dbo].[Сотрудники] ([Код сотрудника], [Должность], [ФИО ], [Логин ], [Пароль], [Последний вход], [Тип входа], [Код роли]) VALUES (N'ID 104', N'Старший смены', N'Миронов Вениамин Куприянович', N'mironov@namecomp.ru', N'YOyhfR', N'15:05:2022 13:13:00', N'Успешно', 14)
INSERT [dbo].[Сотрудники] ([Код сотрудника], [Должность], [ФИО ], [Логин ], [Пароль], [Последний вход], [Тип входа], [Код роли]) VALUES (N'ID 105', N'Старший смены', N'Ширяев Ермолай Вениаминович', N'shiryev@namecomp.ru', N'RSbvHv', N'15:05:2022 13:13:00', N'Неуспешно', 15)
INSERT [dbo].[Сотрудники] ([Код сотрудника], [Должность], [ФИО ], [Логин ], [Пароль], [Последний вход], [Тип входа], [Код роли]) VALUES (N'ID 106', N'Старший смены', N'Игнатов Кассиан Васильевич', N'ignatov@namecomp.ru', N'rwVDh9', N'15:05:2022 13:13:00', N'Успешно', 16)
INSERT [dbo].[Сотрудники] ([Код сотрудника], [Должность], [ФИО ], [Логин ], [Пароль], [Последний вход], [Тип входа], [Код роли]) VALUES (N'ID 107', N'Продавец', N'Хохлов Владимир Мэлсович', N'hohlov@namecomp.ru', N'LdNyos', N'15:05:2022 13:13:00', N'Успешно', 17)
INSERT [dbo].[Сотрудники] ([Код сотрудника], [Должность], [ФИО ], [Логин ], [Пароль], [Последний вход], [Тип входа], [Код роли]) VALUES (N'ID 108', N'Продавец', N'Стрелков Мстислав Георгьевич', N'strelkov@namecomp.ru', N'gynQMT', N'15:05:2022 13:13:00', N'Неуспешно', 18)
INSERT [dbo].[Сотрудники] ([Код сотрудника], [Должность], [ФИО ], [Логин ], [Пароль], [Последний вход], [Тип входа], [Код роли]) VALUES (N'ID 109', N'Продавец', N'Беляева Лилия Наумовна', N'belyeva@@namecomp.ru', N'AtnDjr', N'15:05:2022 13:13:00', N'Успешно', 19)
INSERT [dbo].[Сотрудники] ([Код сотрудника], [Должность], [ФИО ], [Логин ], [Пароль], [Последний вход], [Тип входа], [Код роли]) VALUES (N'ID 110', N'Продавец', N'Смирнова Ульяна Гордеевна', N'smirnova@@namecomp.ru', N'JlFRCZ', N'15:05:2022 13:13:00', N'Успешно', 20)
GO
INSERT [dbo].[Услуги] ([ID], [Наименование услуги], [Код услуги], [Стоимость, руб#  за час ]) VALUES (336, N'Прокат коньков', N'8HFJHG443', 1200)
INSERT [dbo].[Услуги] ([ID], [Наименование услуги], [Код услуги], [Стоимость, руб#  за час ]) VALUES (353, N'Заточка коньков', N'87FDJKHJ', 500)
INSERT [dbo].[Услуги] ([ID], [Наименование услуги], [Код услуги], [Стоимость, руб#  за час ]) VALUES (31, N'Прокат опорного оборудования для катка', N'JUR8R', 500)
INSERT [dbo].[Услуги] ([ID], [Наименование услуги], [Код услуги], [Стоимость, руб#  за час ]) VALUES (34, N'Обучение катанию на коньках', N'JKFBJ09', 1000)
INSERT [dbo].[Услуги] ([ID], [Наименование услуги], [Код услуги], [Стоимость, руб#  за час ]) VALUES (98, N'Прокат шлема', N'63748HF', 300)
INSERT [dbo].[Услуги] ([ID], [Наименование услуги], [Код услуги], [Стоимость, руб#  за час ]) VALUES (45, N'Прокат набора защитного оборудования', N'JFH7382', 800)
INSERT [dbo].[Услуги] ([ID], [Наименование услуги], [Код услуги], [Стоимость, руб#  за час ]) VALUES (89, N'Прокат детских коньков', N'OIJNB12', 800)
INSERT [dbo].[Услуги] ([ID], [Наименование услуги], [Код услуги], [Стоимость, руб#  за час ]) VALUES (99, N'Прокат вартушки', N'BSFBHV63', 100)
INSERT [dbo].[Услуги] ([ID], [Наименование услуги], [Код услуги], [Стоимость, руб#  за час ]) VALUES (92, N'Прокат санок', N'HJBUJE21J', 300)
INSERT [dbo].[Услуги] ([ID], [Наименование услуги], [Код услуги], [Стоимость, руб#  за час ]) VALUES (44, N'Прокат салазок', N'DHBGFY563', 450)
INSERT [dbo].[Услуги] ([ID], [Наименование услуги], [Код услуги], [Стоимость, руб#  за час ]) VALUES (57, N'Прокат ледянки', N'JHVSJF6', 300)
INSERT [dbo].[Услуги] ([ID], [Наименование услуги], [Код услуги], [Стоимость, руб#  за час ]) VALUES (88, N'Катание на  катке', N'DJHGBS982', 400)
INSERT [dbo].[Услуги] ([ID], [Наименование услуги], [Код услуги], [Стоимость, руб#  за час ]) VALUES (123, N'Катание на горках', N'638VVNQ3', 500)
INSERT [dbo].[Услуги] ([ID], [Наименование услуги], [Код услуги], [Стоимость, руб#  за час ]) VALUES (NULL, NULL, NULL, NULL)
GO
INSERT [dbo].[Услуги] ([ID], [Наименование услуги], [Код услуги], [Стоимость, руб#  за час ]) VALUES (NULL, NULL, NULL, NULL)
GO
INSERT [dbo].[Услуги] ([ID], [Наименование услуги], [Код услуги], [Стоимость, руб#  за час ]) VALUES (NULL, NULL, NULL, NULL)
GO
INSERT [dbo].[Услуги] ([ID], [Наименование услуги], [Код услуги], [Стоимость, руб#  за час ]) VALUES (NULL, NULL, NULL, NULL)
GO
INSERT [dbo].[Услуги] ([ID], [Наименование услуги], [Код услуги], [Стоимость, руб#  за час ]) VALUES (NULL, NULL, NULL, NULL)
GO
INSERT [dbo].[Услуги] ([ID], [Наименование услуги], [Код услуги], [Стоимость, руб#  за час ]) VALUES (NULL, NULL, NULL, NULL)
GO
INSERT [dbo].[Услуги] ([ID], [Наименование услуги], [Код услуги], [Стоимость, руб#  за час ]) VALUES (NULL, NULL, NULL, NULL)
GO
INSERT [dbo].[Чек] ([Код_чека], [Код_заказа], [Код_Услуги]) VALUES (1, 1, 34)
INSERT [dbo].[Чек] ([Код_чека], [Код_заказа], [Код_Услуги]) VALUES (2, 1, 31)
INSERT [dbo].[Чек] ([Код_чека], [Код_заказа], [Код_Услуги]) VALUES (3, 1, 353)
INSERT [dbo].[Чек] ([Код_чека], [Код_заказа], [Код_Услуги]) VALUES (4, 1, 336)
INSERT [dbo].[Чек] ([Код_чека], [Код_заказа], [Код_Услуги]) VALUES (5, 2, 98)
INSERT [dbo].[Чек] ([Код_чека], [Код_заказа], [Код_Услуги]) VALUES (6, 2, 45)
INSERT [dbo].[Чек] ([Код_чека], [Код_заказа], [Код_Услуги]) VALUES (7, 2, 89)
INSERT [dbo].[Чек] ([Код_чека], [Код_заказа], [Код_Услуги]) VALUES (8, 2, 99)
INSERT [dbo].[Чек] ([Код_чека], [Код_заказа], [Код_Услуги]) VALUES (9, 2, 123)
INSERT [dbo].[Чек] ([Код_чека], [Код_заказа], [Код_Услуги]) VALUES (10, 3, 92)
INSERT [dbo].[Чек] ([Код_чека], [Код_заказа], [Код_Услуги]) VALUES (11, 3, 45)
INSERT [dbo].[Чек] ([Код_чека], [Код_заказа], [Код_Услуги]) VALUES (13, 3, 57)
INSERT [dbo].[Чек] ([Код_чека], [Код_заказа], [Код_Услуги]) VALUES (14, 3, 88)
INSERT [dbo].[Чек] ([Код_чека], [Код_заказа], [Код_Услуги]) VALUES (15, 4, 92)
INSERT [dbo].[Чек] ([Код_чека], [Код_заказа], [Код_Услуги]) VALUES (16, 4, 45)
INSERT [dbo].[Чек] ([Код_чека], [Код_заказа], [Код_Услуги]) VALUES (18, 4, 57)
INSERT [dbo].[Чек] ([Код_чека], [Код_заказа], [Код_Услуги]) VALUES (19, 4, 88)
INSERT [dbo].[Чек] ([Код_чека], [Код_заказа], [Код_Услуги]) VALUES (20, 4, 44)
INSERT [dbo].[Чек] ([Код_чека], [Код_заказа], [Код_Услуги]) VALUES (21, 5, 98)
INSERT [dbo].[Чек] ([Код_чека], [Код_заказа], [Код_Услуги]) VALUES (22, 5, 45)
INSERT [dbo].[Чек] ([Код_чека], [Код_заказа], [Код_Услуги]) VALUES (23, 5, 34)
INSERT [dbo].[Чек] ([Код_чека], [Код_заказа], [Код_Услуги]) VALUES (24, 5, 89)
INSERT [dbo].[Чек] ([Код_чека], [Код_заказа], [Код_Услуги]) VALUES (25, 5, 353)
INSERT [dbo].[Чек] ([Код_чека], [Код_заказа], [Код_Услуги]) VALUES (26, 5, 336)
INSERT [dbo].[Чек] ([Код_чека], [Код_заказа], [Код_Услуги]) VALUES (27, 6, 34)
INSERT [dbo].[Чек] ([Код_чека], [Код_заказа], [Код_Услуги]) VALUES (28, 6, 31)
INSERT [dbo].[Чек] ([Код_чека], [Код_заказа], [Код_Услуги]) VALUES (30, 6, 353)
INSERT [dbo].[Чек] ([Код_чека], [Код_заказа], [Код_Услуги]) VALUES (31, 6, 337)
INSERT [dbo].[Чек] ([Код_чека], [Код_заказа], [Код_Услуги]) VALUES (32, 7, 98)
INSERT [dbo].[Чек] ([Код_чека], [Код_заказа], [Код_Услуги]) VALUES (33, 7, 45)
INSERT [dbo].[Чек] ([Код_чека], [Код_заказа], [Код_Услуги]) VALUES (35, 7, 89)
INSERT [dbo].[Чек] ([Код_чека], [Код_заказа], [Код_Услуги]) VALUES (36, 7, 99)
INSERT [dbo].[Чек] ([Код_чека], [Код_заказа], [Код_Услуги]) VALUES (37, 7, 124)
INSERT [dbo].[Чек] ([Код_чека], [Код_заказа], [Код_Услуги]) VALUES (38, 8, 92)
INSERT [dbo].[Чек] ([Код_чека], [Код_заказа], [Код_Услуги]) VALUES (39, 8, 45)
INSERT [dbo].[Чек] ([Код_чека], [Код_заказа], [Код_Услуги]) VALUES (41, 8, 57)
INSERT [dbo].[Чек] ([Код_чека], [Код_заказа], [Код_Услуги]) VALUES (42, 8, 89)
INSERT [dbo].[Чек] ([Код_чека], [Код_заказа], [Код_Услуги]) VALUES (43, 9, 92)
INSERT [dbo].[Чек] ([Код_чека], [Код_заказа], [Код_Услуги]) VALUES (44, 9, 45)
INSERT [dbo].[Чек] ([Код_чека], [Код_заказа], [Код_Услуги]) VALUES (46, 9, 57)
INSERT [dbo].[Чек] ([Код_чека], [Код_заказа], [Код_Услуги]) VALUES (47, 9, 88)
INSERT [dbo].[Чек] ([Код_чека], [Код_заказа], [Код_Услуги]) VALUES (48, 9, 45)
INSERT [dbo].[Чек] ([Код_чека], [Код_заказа], [Код_Услуги]) VALUES (49, 10, 98)
INSERT [dbo].[Чек] ([Код_чека], [Код_заказа], [Код_Услуги]) VALUES (50, 10, 45)
INSERT [dbo].[Чек] ([Код_чека], [Код_заказа], [Код_Услуги]) VALUES (51, 10, 35)
INSERT [dbo].[Чек] ([Код_чека], [Код_заказа], [Код_Услуги]) VALUES (52, 10, 89)
INSERT [dbo].[Чек] ([Код_чека], [Код_заказа], [Код_Услуги]) VALUES (53, 10, 353)
INSERT [dbo].[Чек] ([Код_чека], [Код_заказа], [Код_Услуги]) VALUES (54, 10, 336)
INSERT [dbo].[Чек] ([Код_чека], [Код_заказа], [Код_Услуги]) VALUES (55, 11, 34)
INSERT [dbo].[Чек] ([Код_чека], [Код_заказа], [Код_Услуги]) VALUES (56, 11, 31)
INSERT [dbo].[Чек] ([Код_чека], [Код_заказа], [Код_Услуги]) VALUES (58, 11, 353)
INSERT [dbo].[Чек] ([Код_чека], [Код_заказа], [Код_Услуги]) VALUES (59, 11, 338)
INSERT [dbo].[Чек] ([Код_чека], [Код_заказа], [Код_Услуги]) VALUES (60, 12, 34)
INSERT [dbo].[Чек] ([Код_чека], [Код_заказа], [Код_Услуги]) VALUES (61, 12, 31)
INSERT [dbo].[Чек] ([Код_чека], [Код_заказа], [Код_Услуги]) VALUES (63, 12, 353)
INSERT [dbo].[Чек] ([Код_чека], [Код_заказа], [Код_Услуги]) VALUES (64, 12, 338)
INSERT [dbo].[Чек] ([Код_чека], [Код_заказа], [Код_Услуги]) VALUES (65, 13, 98)
INSERT [dbo].[Чек] ([Код_чека], [Код_заказа], [Код_Услуги]) VALUES (66, 13, 45)
INSERT [dbo].[Чек] ([Код_чека], [Код_заказа], [Код_Услуги]) VALUES (68, 13, 89)
INSERT [dbo].[Чек] ([Код_чека], [Код_заказа], [Код_Услуги]) VALUES (69, 13, 99)
INSERT [dbo].[Чек] ([Код_чека], [Код_заказа], [Код_Услуги]) VALUES (70, 13, 125)
INSERT [dbo].[Чек] ([Код_чека], [Код_заказа], [Код_Услуги]) VALUES (71, 14, 92)
INSERT [dbo].[Чек] ([Код_чека], [Код_заказа], [Код_Услуги]) VALUES (72, 14, 45)
INSERT [dbo].[Чек] ([Код_чека], [Код_заказа], [Код_Услуги]) VALUES (74, 14, 57)
INSERT [dbo].[Чек] ([Код_чека], [Код_заказа], [Код_Услуги]) VALUES (75, 14, 90)
INSERT [dbo].[Чек] ([Код_чека], [Код_заказа], [Код_Услуги]) VALUES (76, 15, 92)
INSERT [dbo].[Чек] ([Код_чека], [Код_заказа], [Код_Услуги]) VALUES (77, 15, 45)
INSERT [dbo].[Чек] ([Код_чека], [Код_заказа], [Код_Услуги]) VALUES (79, 15, 57)
INSERT [dbo].[Чек] ([Код_чека], [Код_заказа], [Код_Услуги]) VALUES (80, 15, 88)
INSERT [dbo].[Чек] ([Код_чека], [Код_заказа], [Код_Услуги]) VALUES (81, 15, 46)
INSERT [dbo].[Чек] ([Код_чека], [Код_заказа], [Код_Услуги]) VALUES (82, 16, 98)
INSERT [dbo].[Чек] ([Код_чека], [Код_заказа], [Код_Услуги]) VALUES (83, 16, 45)
INSERT [dbo].[Чек] ([Код_чека], [Код_заказа], [Код_Услуги]) VALUES (84, 16, 36)
INSERT [dbo].[Чек] ([Код_чека], [Код_заказа], [Код_Услуги]) VALUES (85, 16, 89)
INSERT [dbo].[Чек] ([Код_чека], [Код_заказа], [Код_Услуги]) VALUES (86, 16, 353)
INSERT [dbo].[Чек] ([Код_чека], [Код_заказа], [Код_Услуги]) VALUES (87, 16, 336)
INSERT [dbo].[Чек] ([Код_чека], [Код_заказа], [Код_Услуги]) VALUES (88, 17, 34)
INSERT [dbo].[Чек] ([Код_чека], [Код_заказа], [Код_Услуги]) VALUES (89, 17, 31)
INSERT [dbo].[Чек] ([Код_чека], [Код_заказа], [Код_Услуги]) VALUES (91, 17, 353)
INSERT [dbo].[Чек] ([Код_чека], [Код_заказа], [Код_Услуги]) VALUES (92, 17, 339)
INSERT [dbo].[Чек] ([Код_чека], [Код_заказа], [Код_Услуги]) VALUES (93, 18, 98)
INSERT [dbo].[Чек] ([Код_чека], [Код_заказа], [Код_Услуги]) VALUES (94, 18, 45)
INSERT [dbo].[Чек] ([Код_чека], [Код_заказа], [Код_Услуги]) VALUES (96, 18, 89)
INSERT [dbo].[Чек] ([Код_чека], [Код_заказа], [Код_Услуги]) VALUES (97, 18, 99)
INSERT [dbo].[Чек] ([Код_чека], [Код_заказа], [Код_Услуги]) VALUES (98, 18, 126)
INSERT [dbo].[Чек] ([Код_чека], [Код_заказа], [Код_Услуги]) VALUES (99, 19, 92)
INSERT [dbo].[Чек] ([Код_чека], [Код_заказа], [Код_Услуги]) VALUES (100, 19, 45)
INSERT [dbo].[Чек] ([Код_чека], [Код_заказа], [Код_Услуги]) VALUES (102, 19, 57)
INSERT [dbo].[Чек] ([Код_чека], [Код_заказа], [Код_Услуги]) VALUES (103, 19, 91)
INSERT [dbo].[Чек] ([Код_чека], [Код_заказа], [Код_Услуги]) VALUES (104, 20, 92)
INSERT [dbo].[Чек] ([Код_чека], [Код_заказа], [Код_Услуги]) VALUES (105, 20, 45)
INSERT [dbo].[Чек] ([Код_чека], [Код_заказа], [Код_Услуги]) VALUES (107, 20, 57)
INSERT [dbo].[Чек] ([Код_чека], [Код_заказа], [Код_Услуги]) VALUES (108, 20, 88)
INSERT [dbo].[Чек] ([Код_чека], [Код_заказа], [Код_Услуги]) VALUES (109, 20, 47)
INSERT [dbo].[Чек] ([Код_чека], [Код_заказа], [Код_Услуги]) VALUES (110, 21, 98)
INSERT [dbo].[Чек] ([Код_чека], [Код_заказа], [Код_Услуги]) VALUES (111, 21, 45)
INSERT [dbo].[Чек] ([Код_чека], [Код_заказа], [Код_Услуги]) VALUES (112, 21, 37)
INSERT [dbo].[Чек] ([Код_чека], [Код_заказа], [Код_Услуги]) VALUES (113, 21, 89)
INSERT [dbo].[Чек] ([Код_чека], [Код_заказа], [Код_Услуги]) VALUES (114, 21, 353)
INSERT [dbo].[Чек] ([Код_чека], [Код_заказа], [Код_Услуги]) VALUES (115, 21, 336)
GO
INSERT [dbo].[Чек] ([Код_чека], [Код_заказа], [Код_Услуги]) VALUES (116, 22, 34)
INSERT [dbo].[Чек] ([Код_чека], [Код_заказа], [Код_Услуги]) VALUES (117, 22, 31)
INSERT [dbo].[Чек] ([Код_чека], [Код_заказа], [Код_Услуги]) VALUES (119, 22, 353)
INSERT [dbo].[Чек] ([Код_чека], [Код_заказа], [Код_Услуги]) VALUES (120, 22, 340)
INSERT [dbo].[Чек] ([Код_чека], [Код_заказа], [Код_Услуги]) VALUES (121, 23, 98)
INSERT [dbo].[Чек] ([Код_чека], [Код_заказа], [Код_Услуги]) VALUES (122, 23, 45)
INSERT [dbo].[Чек] ([Код_чека], [Код_заказа], [Код_Услуги]) VALUES (124, 23, 89)
INSERT [dbo].[Чек] ([Код_чека], [Код_заказа], [Код_Услуги]) VALUES (125, 23, 99)
INSERT [dbo].[Чек] ([Код_чека], [Код_заказа], [Код_Услуги]) VALUES (126, 23, 127)
INSERT [dbo].[Чек] ([Код_чека], [Код_заказа], [Код_Услуги]) VALUES (127, 24, 92)
INSERT [dbo].[Чек] ([Код_чека], [Код_заказа], [Код_Услуги]) VALUES (128, 24, 45)
INSERT [dbo].[Чек] ([Код_чека], [Код_заказа], [Код_Услуги]) VALUES (130, 24, 57)
INSERT [dbo].[Чек] ([Код_чека], [Код_заказа], [Код_Услуги]) VALUES (131, 24, 92)
INSERT [dbo].[Чек] ([Код_чека], [Код_заказа], [Код_Услуги]) VALUES (132, 25, 92)
INSERT [dbo].[Чек] ([Код_чека], [Код_заказа], [Код_Услуги]) VALUES (133, 25, 45)
INSERT [dbo].[Чек] ([Код_чека], [Код_заказа], [Код_Услуги]) VALUES (135, 25, 57)
INSERT [dbo].[Чек] ([Код_чека], [Код_заказа], [Код_Услуги]) VALUES (136, 25, 88)
INSERT [dbo].[Чек] ([Код_чека], [Код_заказа], [Код_Услуги]) VALUES (137, 25, 48)
INSERT [dbo].[Чек] ([Код_чека], [Код_заказа], [Код_Услуги]) VALUES (138, 26, 98)
INSERT [dbo].[Чек] ([Код_чека], [Код_заказа], [Код_Услуги]) VALUES (139, 26, 45)
INSERT [dbo].[Чек] ([Код_чека], [Код_заказа], [Код_Услуги]) VALUES (140, 26, 38)
INSERT [dbo].[Чек] ([Код_чека], [Код_заказа], [Код_Услуги]) VALUES (141, 26, 89)
INSERT [dbo].[Чек] ([Код_чека], [Код_заказа], [Код_Услуги]) VALUES (142, 26, 353)
INSERT [dbo].[Чек] ([Код_чека], [Код_заказа], [Код_Услуги]) VALUES (143, 26, 336)
INSERT [dbo].[Чек] ([Код_чека], [Код_заказа], [Код_Услуги]) VALUES (144, 27, 34)
INSERT [dbo].[Чек] ([Код_чека], [Код_заказа], [Код_Услуги]) VALUES (145, 27, 31)
INSERT [dbo].[Чек] ([Код_чека], [Код_заказа], [Код_Услуги]) VALUES (147, 27, 353)
INSERT [dbo].[Чек] ([Код_чека], [Код_заказа], [Код_Услуги]) VALUES (148, 27, 341)
INSERT [dbo].[Чек] ([Код_чека], [Код_заказа], [Код_Услуги]) VALUES (149, 28, 98)
INSERT [dbo].[Чек] ([Код_чека], [Код_заказа], [Код_Услуги]) VALUES (150, 28, 45)
INSERT [dbo].[Чек] ([Код_чека], [Код_заказа], [Код_Услуги]) VALUES (152, 28, 89)
INSERT [dbo].[Чек] ([Код_чека], [Код_заказа], [Код_Услуги]) VALUES (153, 28, 99)
INSERT [dbo].[Чек] ([Код_чека], [Код_заказа], [Код_Услуги]) VALUES (154, 28, 128)
INSERT [dbo].[Чек] ([Код_чека], [Код_заказа], [Код_Услуги]) VALUES (155, 29, 92)
INSERT [dbo].[Чек] ([Код_чека], [Код_заказа], [Код_Услуги]) VALUES (156, 29, 45)
INSERT [dbo].[Чек] ([Код_чека], [Код_заказа], [Код_Услуги]) VALUES (158, 29, 57)
INSERT [dbo].[Чек] ([Код_чека], [Код_заказа], [Код_Услуги]) VALUES (159, 29, 93)
INSERT [dbo].[Чек] ([Код_чека], [Код_заказа], [Код_Услуги]) VALUES (160, 30, 92)
INSERT [dbo].[Чек] ([Код_чека], [Код_заказа], [Код_Услуги]) VALUES (161, 30, 45)
INSERT [dbo].[Чек] ([Код_чека], [Код_заказа], [Код_Услуги]) VALUES (163, 30, 57)
INSERT [dbo].[Чек] ([Код_чека], [Код_заказа], [Код_Услуги]) VALUES (164, 30, 88)
INSERT [dbo].[Чек] ([Код_чека], [Код_заказа], [Код_Услуги]) VALUES (165, 30, 49)
INSERT [dbo].[Чек] ([Код_чека], [Код_заказа], [Код_Услуги]) VALUES (166, 31, 98)
INSERT [dbo].[Чек] ([Код_чека], [Код_заказа], [Код_Услуги]) VALUES (167, 31, 45)
INSERT [dbo].[Чек] ([Код_чека], [Код_заказа], [Код_Услуги]) VALUES (168, 31, 39)
INSERT [dbo].[Чек] ([Код_чека], [Код_заказа], [Код_Услуги]) VALUES (169, 31, 89)
INSERT [dbo].[Чек] ([Код_чека], [Код_заказа], [Код_Услуги]) VALUES (170, 31, 353)
INSERT [dbo].[Чек] ([Код_чека], [Код_заказа], [Код_Услуги]) VALUES (171, 31, 336)
INSERT [dbo].[Чек] ([Код_чека], [Код_заказа], [Код_Услуги]) VALUES (172, 32, 34)
INSERT [dbo].[Чек] ([Код_чека], [Код_заказа], [Код_Услуги]) VALUES (173, 32, 31)
INSERT [dbo].[Чек] ([Код_чека], [Код_заказа], [Код_Услуги]) VALUES (175, 32, 353)
INSERT [dbo].[Чек] ([Код_чека], [Код_заказа], [Код_Услуги]) VALUES (176, 32, 342)
INSERT [dbo].[Чек] ([Код_чека], [Код_заказа], [Код_Услуги]) VALUES (177, 33, 98)
INSERT [dbo].[Чек] ([Код_чека], [Код_заказа], [Код_Услуги]) VALUES (178, 33, 45)
INSERT [dbo].[Чек] ([Код_чека], [Код_заказа], [Код_Услуги]) VALUES (180, 33, 89)
INSERT [dbo].[Чек] ([Код_чека], [Код_заказа], [Код_Услуги]) VALUES (181, 33, 99)
INSERT [dbo].[Чек] ([Код_чека], [Код_заказа], [Код_Услуги]) VALUES (182, 33, 129)
INSERT [dbo].[Чек] ([Код_чека], [Код_заказа], [Код_Услуги]) VALUES (183, 34, 92)
INSERT [dbo].[Чек] ([Код_чека], [Код_заказа], [Код_Услуги]) VALUES (184, 34, 45)
INSERT [dbo].[Чек] ([Код_чека], [Код_заказа], [Код_Услуги]) VALUES (186, 34, 57)
INSERT [dbo].[Чек] ([Код_чека], [Код_заказа], [Код_Услуги]) VALUES (187, 34, 94)
INSERT [dbo].[Чек] ([Код_чека], [Код_заказа], [Код_Услуги]) VALUES (188, 35, 92)
INSERT [dbo].[Чек] ([Код_чека], [Код_заказа], [Код_Услуги]) VALUES (189, 35, 45)
INSERT [dbo].[Чек] ([Код_чека], [Код_заказа], [Код_Услуги]) VALUES (191, 35, 57)
INSERT [dbo].[Чек] ([Код_чека], [Код_заказа], [Код_Услуги]) VALUES (192, 35, 88)
INSERT [dbo].[Чек] ([Код_чека], [Код_заказа], [Код_Услуги]) VALUES (193, 35, 50)
INSERT [dbo].[Чек] ([Код_чека], [Код_заказа], [Код_Услуги]) VALUES (194, 36, 98)
INSERT [dbo].[Чек] ([Код_чека], [Код_заказа], [Код_Услуги]) VALUES (195, 36, 45)
INSERT [dbo].[Чек] ([Код_чека], [Код_заказа], [Код_Услуги]) VALUES (196, 36, 40)
INSERT [dbo].[Чек] ([Код_чека], [Код_заказа], [Код_Услуги]) VALUES (197, 36, 89)
INSERT [dbo].[Чек] ([Код_чека], [Код_заказа], [Код_Услуги]) VALUES (198, 36, 353)
INSERT [dbo].[Чек] ([Код_чека], [Код_заказа], [Код_Услуги]) VALUES (199, 36, 336)
INSERT [dbo].[Чек] ([Код_чека], [Код_заказа], [Код_Услуги]) VALUES (200, 37, 34)
INSERT [dbo].[Чек] ([Код_чека], [Код_заказа], [Код_Услуги]) VALUES (201, 37, 31)
INSERT [dbo].[Чек] ([Код_чека], [Код_заказа], [Код_Услуги]) VALUES (203, 37, 353)
INSERT [dbo].[Чек] ([Код_чека], [Код_заказа], [Код_Услуги]) VALUES (204, 37, 343)
INSERT [dbo].[Чек] ([Код_чека], [Код_заказа], [Код_Услуги]) VALUES (205, 38, 98)
INSERT [dbo].[Чек] ([Код_чека], [Код_заказа], [Код_Услуги]) VALUES (206, 38, 45)
INSERT [dbo].[Чек] ([Код_чека], [Код_заказа], [Код_Услуги]) VALUES (208, 38, 89)
INSERT [dbo].[Чек] ([Код_чека], [Код_заказа], [Код_Услуги]) VALUES (209, 38, 99)
INSERT [dbo].[Чек] ([Код_чека], [Код_заказа], [Код_Услуги]) VALUES (210, 38, 130)
INSERT [dbo].[Чек] ([Код_чека], [Код_заказа], [Код_Услуги]) VALUES (211, 39, 92)
INSERT [dbo].[Чек] ([Код_чека], [Код_заказа], [Код_Услуги]) VALUES (212, 39, 45)
INSERT [dbo].[Чек] ([Код_чека], [Код_заказа], [Код_Услуги]) VALUES (214, 39, 57)
INSERT [dbo].[Чек] ([Код_чека], [Код_заказа], [Код_Услуги]) VALUES (215, 39, 95)
INSERT [dbo].[Чек] ([Код_чека], [Код_заказа], [Код_Услуги]) VALUES (216, 40, 92)
INSERT [dbo].[Чек] ([Код_чека], [Код_заказа], [Код_Услуги]) VALUES (217, 40, 45)
INSERT [dbo].[Чек] ([Код_чека], [Код_заказа], [Код_Услуги]) VALUES (219, 40, 57)
INSERT [dbo].[Чек] ([Код_чека], [Код_заказа], [Код_Услуги]) VALUES (220, 40, 88)
INSERT [dbo].[Чек] ([Код_чека], [Код_заказа], [Код_Услуги]) VALUES (221, 40, 51)
INSERT [dbo].[Чек] ([Код_чека], [Код_заказа], [Код_Услуги]) VALUES (222, 41, 98)
INSERT [dbo].[Чек] ([Код_чека], [Код_заказа], [Код_Услуги]) VALUES (223, 41, 45)
INSERT [dbo].[Чек] ([Код_чека], [Код_заказа], [Код_Услуги]) VALUES (224, 41, 41)
INSERT [dbo].[Чек] ([Код_чека], [Код_заказа], [Код_Услуги]) VALUES (225, 41, 89)
INSERT [dbo].[Чек] ([Код_чека], [Код_заказа], [Код_Услуги]) VALUES (226, 41, 353)
INSERT [dbo].[Чек] ([Код_чека], [Код_заказа], [Код_Услуги]) VALUES (227, 41, 336)
INSERT [dbo].[Чек] ([Код_чека], [Код_заказа], [Код_Услуги]) VALUES (228, 42, 34)
INSERT [dbo].[Чек] ([Код_чека], [Код_заказа], [Код_Услуги]) VALUES (229, 42, 31)
INSERT [dbo].[Чек] ([Код_чека], [Код_заказа], [Код_Услуги]) VALUES (231, 42, 353)
INSERT [dbo].[Чек] ([Код_чека], [Код_заказа], [Код_Услуги]) VALUES (232, 42, 344)
GO
INSERT [dbo].[Чек] ([Код_чека], [Код_заказа], [Код_Услуги]) VALUES (233, 43, 98)
INSERT [dbo].[Чек] ([Код_чека], [Код_заказа], [Код_Услуги]) VALUES (234, 43, 45)
INSERT [dbo].[Чек] ([Код_чека], [Код_заказа], [Код_Услуги]) VALUES (236, 43, 89)
INSERT [dbo].[Чек] ([Код_чека], [Код_заказа], [Код_Услуги]) VALUES (237, 43, 99)
INSERT [dbo].[Чек] ([Код_чека], [Код_заказа], [Код_Услуги]) VALUES (238, 43, 131)
INSERT [dbo].[Чек] ([Код_чека], [Код_заказа], [Код_Услуги]) VALUES (239, 44, 92)
INSERT [dbo].[Чек] ([Код_чека], [Код_заказа], [Код_Услуги]) VALUES (240, 44, 45)
INSERT [dbo].[Чек] ([Код_чека], [Код_заказа], [Код_Услуги]) VALUES (242, 44, 57)
INSERT [dbo].[Чек] ([Код_чека], [Код_заказа], [Код_Услуги]) VALUES (243, 44, 96)
INSERT [dbo].[Чек] ([Код_чека], [Код_заказа], [Код_Услуги]) VALUES (244, 45, 92)
INSERT [dbo].[Чек] ([Код_чека], [Код_заказа], [Код_Услуги]) VALUES (245, 45, 45)
INSERT [dbo].[Чек] ([Код_чека], [Код_заказа], [Код_Услуги]) VALUES (247, 45, 57)
INSERT [dbo].[Чек] ([Код_чека], [Код_заказа], [Код_Услуги]) VALUES (248, 45, 88)
INSERT [dbo].[Чек] ([Код_чека], [Код_заказа], [Код_Услуги]) VALUES (249, 45, 52)
INSERT [dbo].[Чек] ([Код_чека], [Код_заказа], [Код_Услуги]) VALUES (250, 46, 98)
INSERT [dbo].[Чек] ([Код_чека], [Код_заказа], [Код_Услуги]) VALUES (251, 46, 45)
INSERT [dbo].[Чек] ([Код_чека], [Код_заказа], [Код_Услуги]) VALUES (252, 46, 42)
INSERT [dbo].[Чек] ([Код_чека], [Код_заказа], [Код_Услуги]) VALUES (253, 46, 89)
INSERT [dbo].[Чек] ([Код_чека], [Код_заказа], [Код_Услуги]) VALUES (254, 46, 353)
INSERT [dbo].[Чек] ([Код_чека], [Код_заказа], [Код_Услуги]) VALUES (255, 46, 336)
INSERT [dbo].[Чек] ([Код_чека], [Код_заказа], [Код_Услуги]) VALUES (256, 47, 34)
INSERT [dbo].[Чек] ([Код_чека], [Код_заказа], [Код_Услуги]) VALUES (257, 47, 31)
INSERT [dbo].[Чек] ([Код_чека], [Код_заказа], [Код_Услуги]) VALUES (259, 47, 353)
INSERT [dbo].[Чек] ([Код_чека], [Код_заказа], [Код_Услуги]) VALUES (260, 47, 345)
INSERT [dbo].[Чек] ([Код_чека], [Код_заказа], [Код_Услуги]) VALUES (261, 48, 98)
INSERT [dbo].[Чек] ([Код_чека], [Код_заказа], [Код_Услуги]) VALUES (262, 48, 45)
INSERT [dbo].[Чек] ([Код_чека], [Код_заказа], [Код_Услуги]) VALUES (264, 48, 89)
INSERT [dbo].[Чек] ([Код_чека], [Код_заказа], [Код_Услуги]) VALUES (265, 48, 99)
INSERT [dbo].[Чек] ([Код_чека], [Код_заказа], [Код_Услуги]) VALUES (266, 48, 132)
INSERT [dbo].[Чек] ([Код_чека], [Код_заказа], [Код_Услуги]) VALUES (267, 49, 92)
INSERT [dbo].[Чек] ([Код_чека], [Код_заказа], [Код_Услуги]) VALUES (268, 49, 45)
INSERT [dbo].[Чек] ([Код_чека], [Код_заказа], [Код_Услуги]) VALUES (270, 49, 57)
INSERT [dbo].[Чек] ([Код_чека], [Код_заказа], [Код_Услуги]) VALUES (271, 49, 97)
INSERT [dbo].[Чек] ([Код_чека], [Код_заказа], [Код_Услуги]) VALUES (272, 50, 92)
INSERT [dbo].[Чек] ([Код_чека], [Код_заказа], [Код_Услуги]) VALUES (273, 50, 45)
INSERT [dbo].[Чек] ([Код_чека], [Код_заказа], [Код_Услуги]) VALUES (275, 50, 57)
INSERT [dbo].[Чек] ([Код_чека], [Код_заказа], [Код_Услуги]) VALUES (276, 50, 88)
INSERT [dbo].[Чек] ([Код_чека], [Код_заказа], [Код_Услуги]) VALUES (277, 50, 53)
INSERT [dbo].[Чек] ([Код_чека], [Код_заказа], [Код_Услуги]) VALUES (278, 51, 98)
INSERT [dbo].[Чек] ([Код_чека], [Код_заказа], [Код_Услуги]) VALUES (279, 51, 45)
INSERT [dbo].[Чек] ([Код_чека], [Код_заказа], [Код_Услуги]) VALUES (280, 51, 43)
INSERT [dbo].[Чек] ([Код_чека], [Код_заказа], [Код_Услуги]) VALUES (281, 51, 89)
INSERT [dbo].[Чек] ([Код_чека], [Код_заказа], [Код_Услуги]) VALUES (282, 51, 353)
INSERT [dbo].[Чек] ([Код_чека], [Код_заказа], [Код_Услуги]) VALUES (283, 51, 336)
GO
ALTER TABLE [dbo].[Сотрудники]  WITH CHECK ADD  CONSTRAINT [FK_Сотрудники_Роли] FOREIGN KEY([Код роли])
REFERENCES [dbo].[Роли] ([Код_роли])
GO
ALTER TABLE [dbo].[Сотрудники] CHECK CONSTRAINT [FK_Сотрудники_Роли]
GO
USE [master]
GO
ALTER DATABASE [Практика3Воронин] SET  READ_WRITE 
GO